{
    "base": {
        "hydro_nlist": {
            "aggfactrt": 4,
            "channel_option": 2,
            "channel_loss_option": 0,
            "chanobs_domain": 1,
            "chanrtswcrt": 1,
            "chrtout_domain": 1,
            "chrtout_grid": 1,
            "compound_channel": true,
            "dtrt_ch": 300,
            "dtrt_ter": 10,
            "dxrt": 250,
            "frxst_pts_out": 0,
            "geo_finegrid_flnm": "NULL_specified_in_domain.json",
            "geo_static_flnm": "NULL_specified_in_domain.json",
            "gw_restart": 1,
            "gwbaseswcrt": 4,
            "gwbuckparm_file": "NULL_specified_in_domain.json",
            "hydrotbl_f": "NULL_specified_in_domain.json",
            "igrid": 1,
            "io_config_outputs": 0,
            "io_form_outputs": 4,
            "land_spatial_meta_flnm": "NULL_specified_in_domain.json",
            "lsmout_domain": 1,
            "nsoil": 4,
            "order_to_write": 1,
            "out_dt": 60,
            "outlake": 1,
            "output_channelbucket_influx": 0,
            "output_gw": 1,
            "ovrtswcrt": 1,
            "reservoir_persistence_usgs": false,
            "restart_file": "NULL_specified_in_domain.json",
            "route_lake_f": "NULL_specified_in_domain.json",
            "route_link_f": "NULL_specified_in_domain.json",
            "rst_bi_in": 0,
            "rst_bi_out": 0,
            "rst_dt": 1440,
            "rst_typ": 1,
            "rstrt_swc": 0,
            "rt_option": 1,
            "rtout_domain": 1,
            "split_output_count": 1,
            "subrtswcrt": 1,
            "sys_cpl": 1,
            "t0outputflag": 1,
            "udmap_file": "NULL_specified_in_domain.json",
            "udmp_opt": 1,
            "zsoil8": [-0.1, -0.4, -1.0, -2.0]
        },
        "nudging_nlist": {
            "biaswindowbeforet0": false,
            "invdisttimeweightbias": true,
            "maxagepairsbiaspersist": 3,
            "minnumpairsbiaspersist": 1,
            "nlastobs": 480,
            "noconstinterfbias": false,
            "nudginglastobsfile": "NULL_specified_in_domain.json",
            "nudgingparamfile": "NULL_specified_in_domain.json",
            "persistbias": true,
            "readtimesliceparallel": true,
            "temporalpersistence": true,
            "timeslicepath": "NULL_specified_in_domain.json"
        }
    },

    "nwm_ana": {
        "hydro_nlist": {},
        "nudging_nlist": {}
    },

    "nwm_long_range": {
        "hydro_nlist": {
            "aggfactrt": 1,
            "dxrt": 1000,
            "ovrtswcrt": 0,
            "rst_typ": 0,
            "rtout_domain": 0,
            "subrtswcrt": 0
        },
        "nudging_nlist": {
            "maxagepairsbiaspersist": 24,
            "persistbias": false
        }
    },

    "nwm_hi_ana": {
        "hydro_nlist": {
            "compound_channel": false,
            "out_dt": 60,
            "aggfactrt": 10,
            "dxrt": 100
       },
        "nudging_nlist": {}
    },

    "nwm_channel-only": {
        "hydro_nlist": {
            "lsmout_domain": 0,
            "output_gw": 0,
            "output_channelbucket_influx": 2
        },
        "nudging_nlist": {}
    },

    "nwm_channel-only_forecasts": {
        "hydro_nlist": {
            "lsmout_domain": 0,
            "output_gw": 0,
            "output_channelbucket_influx": 2,
            "reservoir_persistence_usgs": false
        },
        "nudging_nlist": {}
    },

    "nwm_output_ana": {
        "hydro_nlist": {
            "chanobs_domain": 0,
            "chrtout_grid": 0,
	    "io_config_outputs": 1,
            "io_form_outputs": 2,
	    "lsmout_domain": 0,
	    "output_channelbucket_influx": 2,
	    "output_gw": 0,
	    "rst_dt": 60
	},
        "nudging_nlist": {}
    },

    "nwm_output_long_range": {
        "hydro_nlist": {
            "aggfactrt": 1,
            "chanobs_domain": 0,
            "chrtout_grid": 0,
            "dxrt": 1000,
            "io_config_outputs": 4,
            "io_form_outputs": 2,
            "lsmout_domain": 0,
            "out_dt": 60,
            "output_gw": 0,
            "ovrtswcrt": 0,
            "rst_dt": 60,
            "rst_typ": 0,
            "rtout_domain": 0,
            "subrtswcrt": 0
        },
        "nudging_nlist": {
            "maxagepairsbiaspersist": 24,
            "persistbias": false
        }
    },

    "gridded": {
        "hydro_nlist": {
            "compound_channel": false,
            "gwbaseswcrt": 1,
            "gwbasmskfil": "NULL_specified_in_domain.json",
            "channel_option": 3,
            "dtrt_ch": 10,
            "rstrt_swc": 1,
            "udmp_opt": 0
        },
        "nudging_nlist": {
            "biaswindowbeforet0": "",
            "invdisttimeweightbias": "",
            "maxagepairsbiaspersist": "",
            "minnumpairsbiaspersist": "",
            "nlastobs": "",
            "noconstinterfbias": "",
            "nudginglastobsfile": "",
            "nudgingparamfile": "",
            "persistbias": "",
            "readtimesliceparallel": "",
            "temporalpersistence": "",
            "timeslicepath": ""
        }
    },

    "gridded_no_lakes": {
        "hydro_nlist": {
            "compound_channel": false,
            "gwbaseswcrt": 1,
            "gwbasmskfil": "NULL_specified_in_domain.json",
            "channel_option": 3,
            "dtrt_ch": 10,
            "rstrt_swc": 1,
            "udmp_opt": 0
        },
        "nudging_nlist": {
            "biaswindowbeforet0": "",
            "invdisttimeweightbias": "",
            "maxagepairsbiaspersist": "",
            "minnumpairsbiaspersist": "",
            "nlastobs": "",
            "noconstinterfbias": "",
            "nudginglastobsfile": "",
            "nudgingparamfile": "",
            "persistbias": "",
            "readtimesliceparallel": "",
            "temporalpersistence": "",
            "timeslicepath": ""
        }
    },

    "reach": {
        "hydro_nlist": {
            "compound_channel": false,
            "gwbaseswcrt": 1,
            "gwbasmskfil": "NULL_specified_in_domain.json",
            "dtrt_ch": 10,
            "outlake": 0,
            "rstrt_swc": 0,
            "t0outputflag": 0,
            "udmp_opt": 0
        },
        "nudging_nlist": {
            "biaswindowbeforet0": "",
            "invdisttimeweightbias": "",
            "maxagepairsbiaspersist": "",
            "minnumpairsbiaspersist": "",
            "nlastobs": "",
            "noconstinterfbias": "",
            "nudginglastobsfile": "",
            "nudgingparamfile": "",
            "persistbias": "",
            "readtimesliceparallel": "",
            "temporalpersistence": "",
            "timeslicepath": ""
        }
    }
}
